種牡馬名,タイプ名
BeauLiam,ネイティヴダンサー系
Boltd'Oro,ニアークティック系
Kameko,ニアークティック系
LopedeVega,ニアークティック系
Maurice,ロイヤルチャージャー系
PalacePier,ニアークティック系
Peltzer,ニアークティック系
Sottsass,ニアークティック系
Tom'sd'Etat,ネイティヴダンサー系
VictorLudorum,ニアークティック系
WillTakeCharge,ネイティヴダンサー系
アスクピーターパン,ニアークティック系
インカンテーション,ナスルーラ系
サングレーザー,ロイヤルチャージャー系
シルポート,ネイティヴダンサー系
セイウンコウセイ,ネイティヴダンサー系
ブルドッグボス,ロイヤルチャージャー系
CairoPrince,ネイティヴダンサー系
CircularQuay,ネイティヴダンサー系
CityZip,ネイティヴダンサー系
DeepImpact,ロイヤルチャージャー系
Firebreak,ネイティヴダンサー系
Golan,ニアークティック系
Magician,ニアークティック系
Murtajill,ニアークティック系
Myboycharlie,ニアークティック系
Oscar,ニアークティック系
RecklessAbandon,ニアークティック系
SeaTheMoon,ニアークティック系
Skipshot,ネイティヴダンサー系
SoldierHollow,ニアークティック系
SuperEasy,ニアークティック系
SuperSaver,ネイティヴダンサー系
Tizway,ネイティヴダンサー系
カフェラピード,ロイヤルチャージャー系
